brand,model,year,transmission,fuel_type,color,engine_cc,mileage_km,owners,horsepower,condition_score,price,engine,dashboard color
Mazda,2,2005,Manual,Hybrid,Black,1968.551344826452,246331.28684768788,2.9747464131128356,159.04019099291423,4.125050627965601,4000,4800,Black
Skoda,Kodiaq,2023,Automatic,Hybrid,Red,1792.7052251889606,146456.8076505424,4.021718845980992,117.87706744708642,5.335565064851069,7000.245383002369,8400.294459602843,Red
Kia,Picanto,2017,Manual,Diesel,Red,,253564.85198464405,0.9176623009969958,80.77805001447197,5.637251005008546,4000,4800,Red
Skoda,Octavia,2017,Manual,,Red,1375.1346778989719,165005.4551710844,1.0638600033912673,201.80889929069806,8.092010782873805,5550.672284315016,6660.806741178019,Red
Skoda,Octavia,2008,Manual,,Silver,,75019.28473382554,1.9873234385684797,143.42974683416537,3.009992752308193,4000,4800,Silver
Hyundai,i30,2005,Manual,Gasoline,Gray,2033.3279676283128,211166.14957374157,0.944632832,190.44787896683727,4.529881713759407,4000,4800,Gray
Kia,Sportage,2021,Automatic,Gasoline,Red,1779.2148854633044,254200.91049827615,1.9372250312739414,136.17855233283692,6.404435086557964,4000,4800,Red
Kia,Ceed,2012,Automatic,Gasoline,White,1627.349579,49017.794636542145,4.002348226711881,224.75985677305323,4.533735723099666,4000,4800,White
Kia,Ceed,2006,,Gasoline,Blue,1994.538684959482,64062.68198900867,3.9831332816135645,221.98896305833935,7.215584380280908,,,Blue
Skoda,Kodiaq,2012,Automatic,Gasoline,Silver,1801.9948511632153,26332.808470607844,2.914727625489067,202.70460157461005,6.016401949566926,7801.845452898029,9362.214543477634,Silver
Mazda,2,2011,Automatic,Gasoline,Black,2425.2797772636986,206986.7209573971,2.966865585838114,,,4000,4800,Black
Kia,Sportage,2006,Automatic,Diesel,Silver,1190.5045787248453,199125.11262401388,2.955449034691889,134.15616910521885,9.202744910748482,4000,4800,Silver
Honda,CR-V,2007,Automatic,Hybrid,Black,1212.3518450996473,24057.406458356938,1.0694723134631634,173.13539859905683,7.062217259419357,4000,4800,Black
,Kodiaq,2022,Automatic,Gasoline,,1417.3153120362572,223787.0495219437,4.007182140602078,219.02677189206392,3.823574559261006,4000,4800,Silver
Hyundai,i30,2016,Manual,Gasoline,Black,1787.2608133948384,246544.58411531599,2.0864009794635305,208.65431808433726,6.648719147337053,4000,4800,Black
Mazda,CX-5,2005,Automatic,Hybrid,Red,1185.0955866383756,167363.96828057882,2.9609119179253125,227.17414422776068,8.079700895,4000,4800,Red
Honda,Civic,2016,Manual,Gasoline,Gray,1595.525269,163205.86777362105,1.9839715488658376,165.92367068265366,7.491497021704927,4196.316708894441,5035.580050673329,Gray
Honda,Jazz,2009,Manual,Diesel,Black,1796.137703,204429.22059629188,2.0212819334500693,153.8619283568252,4.168244366489625,4000,4800,Black
Hyundai,Tucson,2021,Manual,Gasoline,Black,1578.8804182301621,,3.033260904770393,212.88181214296986,9.235221386640559,17537.62559219185,21045.15071063022,Black
Mazda,2,2020,Automatic,Gasoline,White,,212527.63225716262,4.039694621646687,123.27801492966205,5.818809371911502,4000,4800,White
Skoda,Octavia,2019,Manual,Hybrid,Black,1132.1380017867718,,2.9511210809334116,211.24618391107265,,4000,4800,Black
,Yaris,2019,Manual,Gasoline,White,1793.4568677961604,38243.085718876886,1.9526698188310532,152.39726705387721,4.019823610949487,,,White
Mazda,2,2009,Manual,Diesel,Blue,2417.507082261048,213409.83219465072,2.980432111101949,183.89309593764355,3.6365157901744176,4000,4800,Blue
Hyundai,i30,2018,Automatic,Diesel,Red,1967.3758344712592,188751.58580988384,2.081532268,126.95607594159134,8.218288162107061,4434.420474428749,5321.304569314499,Red
Honda,Jazz,2006,Automatic,Gasoline,White,1190.9342998969923,19805.11269511845,1.944906751453419,216.48387963104074,3.904800824619346,4000,4800,White
Skoda,Octavia,2015,Automatic,Diesel,Gray,,21028.586541732955,2.970989808952272,,3.753253173,5358.0951690517395,6429.714202862087,Gray
Mazda,2,2023,,Hybrid,Red,2399.558404,220333.91879369208,1.0401827912657802,128.60412483744068,8.623766274054406,7245.508619504084,8694.610343,Red
Toyota,Yaris,2011,Automatic,Gasoline,,1826.5582123986296,106851.07149249256,3.037237113834137,185.01893028333706,5.249479444586004,4000,4800,White
Toyota,RAV4,2010,Manual,,Red,1780.1925312482533,,1.0305789111800563,205.7138796356732,3.197497344963724,4000,4800,Red
Kia,Sportage,2006,Manual,Gasoline,Red,1608.7852771442224,93439.49370696642,2.004450894711747,93.81485010556659,3.4697164359052435,4000,4800,Red
Kia,Ceed,2010,Automatic,Diesel,Red,2376.8589820241477,48399.15382799058,1.9413583916278792,219.2954512787275,3.908894810135945,8593.417139,10312.100566719528,Red
Hyundai,i20,2022,Manual,Diesel,Blue,2407.8505331994215,66586.74989437932,0.9619688922816755,79.75086223987353,4.351573923792346,9406.486911417705,11287.784293701246,Blue
Mazda,3,2006,Automatic,Gasoline,Gray,1816.4863652457962,147297.7606718816,2.062019632462407,172.94443793821236,7.311569180043583,4000,4800,Gray
Mazda,3,2022,Manual,Hybrid,Silver,1611.8419396356837,57841.92914629019,1.0425930949891782,99.82658160996974,3.949649291980482,7731.628841127849,9277.954609353419,Silver
Honda,Civic,2019,Manual,Hybrid,Silver,1193.2481155742169,36324.83300323634,0.9265015575880915,,,8894.841731934555,10673.810078321467,Silver
Honda,CR-V,2023,Automatic,Diesel,White,1405.3816143514898,220388.41103942893,2.0478685422990583,,8.123379116614448,4000,4800,White
Honda,Jazz,2006,,Diesel,Red,2005.5687121243798,193577.87463293248,4.072055628607636,84.57273311517163,7.39925226,4000,4800,Red
Kia,Picanto,2010,,Diesel,White,1213.0362383162335,168456.43480103026,1.002963688279332,,5.808420881902454,4000,4800,White
Mazda,,2005,Automatic,,Blue,,50385.83212703075,3.023469181282108,163.62892509818053,6.674533698726614,50,60,Blue
Mazda,CX-5,2019,Automatic,Diesel,Blue,2018.2263301027738,63016.052600368705,3.055687959638773,88.39882957622619,5.110912422176299,7710.466101341063,9252.559321609275,Blue
Toyota,RAV4,2014,Manual,Gasoline,Black,1428.0813038487775,190925.5027693105,1.9616968917172484,152.36415482549344,6.057714638482465,4000,4800,Black
Kia,Ceed,2023,Automatic,Gasoline,,1393.777987759604,64102.226282899916,4.128257487473168,209.20032214388885,6.316099696344548,13075.079746337153,15690.095695604583,Blue
Skoda,Octavia,2021,Manual,Diesel,Black,1600.909022168488,149560.32233130524,,107.08286168339386,5.574947655008943,,,Black
Kia,Sportage,2009,Automatic,Gasoline,Gray,1982.2889423924166,83715.63155651513,4.028850702637254,114.36726538530193,8.930824267360368,4000,4800,Gray
Skoda,,2008,Manual,,White,1606.6602769665928,71426.68353652795,0.9981001487104484,213.9667545888325,2.926042884811651,,,White
Toyota,Yaris,2014,,Gasoline,Gray,1206.7851684958378,254534.8263392023,1.027240286618859,168.70994964914462,8.191806733,4000,4800,Gray
Hyundai,Tucson,2021,Manual,Gasoline,Blue,2401.135039152942,,0.9140976555566533,118.59888854593574,3.848847774626865,,,Blue
Mazda,3,2014,Manual,Diesel,Gray,2402.6111962408577,136705.2389289056,1.114630665122083,-200,8.255486920999303,6087.186366094117,7304.623639,Gray
Toyota,,2021,Automatic,Gasoline,Gray,2437.618282213821,103153.51241372593,3.062151842928472,96.55724184785053,6.888628817999461,10381.408080697192,12457.68969683663,Gray
Mazda,CX-5,2009,Automatic,Diesel,Gray,1943.4946081843289,256589.61018648403,3.080602198877382,111.11366377788116,8.514236326631426,4000,4800,Gray
Honda,Jazz,2006,,Gasoline,Blue,,,2.001693355191203,167.12023921685181,3.6787856378393324,4000,4800,Blue
Hyundai,Tucson,2010,Automatic,Diesel,Red,1193.2718717988519,243354.59578215954,3.9801640493645603,114.78216679930193,,4000,4800,Red
Hyundai,i30,2006,Automatic,Gasoline,Gray,1628.517950500926,96659.24470401758,0.9628755884319622,210.6389118,6.242028488179343,4000,4800,Gray
Toyota,Corolla,2017,Automatic,Gasoline,Black,2009.3034150554206,134253.49119336327,1.0447918670749312,-200,7.680386292250747,7096.832142641202,8516.198571169441,Black
Hyundai,i30,2015,,Diesel,Blue,1609.7809682024138,233990.40335046884,3.9717813948321847,188.95300965722944,6.437679014815001,4000,4800,Blue
Skoda,Octavia,2015,Manual,Hybrid,Gray,2024.660721700806,215914.75215149357,,80.53184257482943,6.480521020026082,,,Gray
Hyundai,i30,2020,Automatic,Gasoline,Red,1596.4774851499642,172933.16844870013,2.030082351127682,211.33056588215334,5.703345524763131,6760.401759744891,8112.482111693869,Red
Mazda,CX-5,2015,Automatic,Gasoline,Blue,,14330.647494051515,3.963700261,165.54392753999483,5.1700193647574055,7573.378772,9088.054525972968,Blue
Mazda,CX-5,2023,Automatic,Gasoline,Silver,1589.6106635419649,193757.78579211063,1.0574751524656352,99.56409041810375,6.148636780054939,4228.314272994861,5073.977127593834,Silver
Mazda,3,2019,,Gasoline,Red,2379.382333987855,1330633.481549176,0.9990232536832304,199.15033636669642,,6006.501554041579,7207.801864849895,Red
Mazda,3,2020,Automatic,Diesel,Black,1435.1194470274702,25893.23608,0.916969533,84.45215554562382,9.158673138627138,11469.434178201811,13763.321013842173,Black
Skoda,Octavia,2015,Automatic,Gasoline,Gray,1607.223513963095,96048.12132,,204.8947903552773,7.4852457018779335,6554.423943672198,7865.308732406637,Gray
Kia,Sportage,2020,Manual,Gasoline,Silver,2012.6187774111947,116775.48495243344,1.0720229812327644,142.7471365766009,9.189714407,9702.145027686829,11642.574033224195,Silver
Honda,Jazz,2012,Automatic,Gasoline,Silver,,97825.95777056449,1.948412731209871,124.0656343226085,4.562129983133041,4000,4800,Silver
Toyota,Corolla,2008,Automatic,Gasoline,Blue,2009.989762847336,60250.968712429705,,169.00350419684102,8.624346853864745,6001.559143551351,7201.870972,Blue
,CX-5,2012,Manual,Gasoline,Silver,1834.8075464537194,140912.4397433949,2.006698808374438,177.02239554241382,8.309859692365896,4478.334215622043,5374.001058746452,Silver
Hyundai,,2008,Automatic,Gasoline,Black,1194.569127038704,76542.85489328009,0.9905469307815822,157.98555026409454,7.365679052540063,4000,4800,Black
,,2007,Manual,Gasoline,Black,1975.4186860734212,125486.75317587348,3.138332467595883,202.99036414087075,,4000,4800,Black
Hyundai,i30,2007,Automatic,Gasoline,White,1403.6011933298714,78610.10555510553,2.929296658692056,78.57831382523838,5.040519355248126,4000,4800,White
Honda,Civic,2022,Automatic,Diesel,Black,1979.7231100862355,232194.01673217243,2.9592514740604026,76.96367489504964,8.372602202,4000,4800,Black
Honda,Civic,2023,Automatic,Gasoline,,1769.5072815477363,35543.36595944222,2.998710042663513,105.45699246115686,6.430230130003172,12572.935538360236,15087.522646032283,Red
Honda,Civic,2023,Automatic,Hybrid,Silver,2385.6175232981846,38650.056522854684,2.1330006178639582,86.97727860795135,3.464768313,10622.98229,12747.578752387439,Silver
,i20,2009,Manual,Gasoline,Black,1390.3577747880147,84085.44167,1.9988382613029856,67.66037687994007,4.945014867228493,4000,4800,Black
Mazda,3,2022,Automatic,Diesel,Blue,1780.6753400837388,106271.43024695037,4.015099169805825,100.18554803090962,,9438.612657984315,11326.335189581177,Blue
Honda,CR-V,2014,Automatic,Diesel,White,2425.964573096421,62551.62497898354,0.9815103631640498,140.9257017766439,8.333597373089686,,,White
Skoda,Kodiaq,2010,Automatic,Diesel,Silver,1436.9876711198829,19907.477134278877,3.0197445242827645,215.79251856585654,9.440226318,8407.111242155042,10088.53349058605,Silver
Hyundai,i20,2005,Automatic,Diesel,White,1612.0986003516546,198824.90551517767,1.9849248086807338,98.74232932031165,6.952832829,4000,4800,White
Hyundai,i30,2009,Manual,Gasoline,Silver,1207.5203330172676,196041.08357419577,1.038281427828869,123.43360140469487,4.714198170485374,4000,4800,Silver
Mazda,3,2013,Automatic,Gasoline,Blue,1197.2195167980385,74649.30729,,132.66134875479054,4.076449062011139,4000,4800,Blue
Hyundai,Tucson,2016,Automatic,Gasoline,White,1782.4549704642898,87779.84452064204,1.9871111914986885,171.73651902259033,4.191519475657563,4371.937646218913,5246.325175462695,White
Hyundai,,2018,Automatic,Gasoline,Gray,2431.3757422516182,170693.26269271597,2.9380359813178734,89.01073499,3.032340358783412,4000,4800,Gray
Honda,Jazz,2006,Automatic,Gasoline,Red,1198.7696908497498,199946.35212196325,4.005151547386833,85.11384947133666,5.352142875407682,,,Red
Mazda,CX-5,2021,Manual,Gasoline,Red,2390.9452430588203,214950.96324282303,1.077194703835671,127.22677973608133,4.318257171611436,4000,4800,Red
Honda,Civic,2018,,Diesel,Silver,2419.863085072157,100925.81196988391,3.954487675709144,120.19638777490671,5.684019741418486,7674.405399484591,9209.286479381508,Silver
Honda,Jazz,2017,Manual,Gasoline,Gray,1798.5596457426468,59403.15637731384,3.0183840065876337,188.32965807420962,9.399764404119214,9862.167876444288,11834.601451733144,Gray
Mazda,3,2013,Automatic,Diesel,White,1819.129787608062,188041.6825,,124.22322169797697,,4000,4800,White
Toyota,Corolla,2019,Automatic,Diesel,Gray,1791.9794823471916,222583.76227078188,3.9427527464562493,207.49419808297938,8.639585584608012,4486.974098880366,5384.368918656439,Gray
Honda,Jazz,2019,Manual,Hybrid,Gray,1219.9194647708857,,3.071592467378294,120.3311257262269,6.816179107829327,5143.533828258317,6172.240594,Gray
Skoda,Octavia,2015,Automatic,Gasoline,,1819.1781941804359,57056.60112707953,1.0380728098156964,113.1435675,4.583543012435079,5115.043458660715,6138.0521503928585,White
Skoda,,2020,Automatic,Gasoline,Blue,1225.932503,185906.76950284687,4.0192124969836796,118.10415690253768,5.447157466106399,105225.7535531511,126270.90426378131,Blue
Hyundai,i20,2021,Manual,Gasoline,Gray,1786.1135511630791,151824.172,2.8721732975658676,123.65151725018997,3.5943674206371607,105225.7535531511,126270.90426378131,Gray
Skoda,Fabia,2008,Automatic,Gasoline,Gray,1998.374566521544,28237.991441879196,3.9695601316280347,144.15094552162432,5.059443999032242,4000,4800,Gray
Hyundai,,2005,Manual,Diesel,Blue,2438.1261101073537,81859.09390227844,1.0334085305390643,,7.512489363132868,4000,4800,Blue
Toyota,Yaris,2012,Automatic,Gasoline,Gray,1795.1766719484422,203455.97870243184,2.9202207776547184,81.51040868151006,3.563786625995408,,,Gray
Mazda,3,2021,Manual,Diesel,Gray,1415.875209918297,,0.9805166149825961,170.26916504408413,4.344971436925946,4000,4800,Gray
Mazda,2,2007,Manual,Gasoline,Gray,2444.836058944699,100674.30882447386,3.0422086072071965,90.46677191046936,5.4360779567334605,4000,4800,Gray
Mazda,,2019,Automatic,Diesel,Red,2363.8064322945256,233721.3085664385,1.9168032978857772,73.07514931985897,9.343021944040462,4000,4800,Red
Skoda,,2019,Manual,Diesel,Black,,59138.75432925468,2.9075458098551734,145.3496182397643,8.112804873933959,,,Black
Toyota,RAV4,2018,Automatic,Gasoline,Blue,1600.036607419815,96818.96935205505,3.917756343809147,170.92102845123716,7.748323330196744,4000,4800,Blue
Skoda,Octavia,2018,Manual,Gasoline,,1764.788325596057,,3.0184152958734414,214.05211019488675,3.9226265875687383,9047.035257113186,10856.442308535823,Gray
Skoda,Fabia,2006,,Gasoline,Red,2391.0747120255564,229091.09311776535,0.969334092,206.51817508338274,8.044325590271045,4000,4800,Red
Toyota,Yaris,2017,Automatic,,Blue,1380.9859541813007,58294.45255741431,1.0483415250847232,221.82930776413238,7.918132519446427,10849.521117410428,13019.425340892512,Blue
Toyota,Corolla,2018,Automatic,Gasoline,Silver,2416.788537290644,70224.44489263633,3.006662744100059,202.22164642699852,6.778417389,14070.51392823814,16884.616713885767,Silver
Toyota,RAV4,2023,Automatic,Gasoline,Silver,1366.0847527368899,253857.34540720982,,,9.284348982971078,4000,4800,Silver
Toyota,Yaris,2011,Automatic,Gasoline,Gray,1236.9820458240556,252288.22477691612,1.9318696312190151,172.51723185982948,5.075397921121327,4000,4800,Gray
Mazda,2,2007,Manual,Gasoline,,2013.504214396299,227950.05683923335,4.018265902048657,83.89257454123502,9.120184972,,,Red
Kia,Sportage,2019,Manual,Gasoline,Red,2379.372248277279,235168.38418894052,1.9562189454631014,78.20458927999444,8.905026057599668,4000,4800,Red
Kia,Picanto,2018,Manual,Diesel,Blue,1820.091376069475,40721.26430997122,1.033045091555932,,3.1430582968050413,9021.719744872213,10826.063693846654,Blue
Toyota,Yaris,2015,Automatic,Gasoline,Blue,1211.685420682102,236455.76461662212,4.006603146652068,92.93872309368439,5.876431902592591,4000,4800,Blue
Kia,Ceed,2019,,Diesel,Red,1999.2411533849124,232160.0081,1.9453231019673023,94.04834211930991,9.379736464670033,4000,4800,Red
Kia,Sportage,2017,Automatic,Gasoline,Blue,1785.8780331209225,145923.37880239816,2.9913478832282965,225.24974472315566,3.8636594362706975,4000,4800,Blue
Toyota,Yaris,2022,Automatic,Gasoline,Red,,123144.4025,1.0040244610909603,190.0477537782168,6.712604970437644,8241.16466,9889.397591610335,Red
Kia,Ceed,2010,Automatic,Hybrid,Black,1802.4060721794747,,2.9670046654785183,160.17258993178947,9.438143588915649,6830.521967035791,8196.62636,Black
Skoda,Fabia,2007,Automatic,Gasoline,Red,1386.508643938394,83515.88871706527,1.040034653098331,137.68571711523865,6.685635710328445,4000,4800,Red
Hyundai,i20,2023,Manual,Gasoline,Silver,,52192.12564310441,3.9432325407829025,153.5685330236924,4.020052234342322,7845.781033441772,9414.937240130126,Silver
Hyundai,i20,2019,Automatic,Gasoline,Blue,1583.3503702437743,250629.01375869286,4.1151218048910385,190.92365021623934,6.723158124132488,4000,4800,Blue
Toyota,Corolla,2009,Automatic,Gasoline,Red,1190.1483292774988,250643.25959106805,1.052506025522206,223.01831157448984,4.259623380581812,4000,4800,Red
,CX-5,2014,Automatic,Gasoline,Red,2022.7547997963334,,1.0192001639165587,88.26277391367316,6.324257930292422,9193.538476193979,11032.246171432775,Red
Toyota,Yaris,2011,Automatic,Gasoline,Blue,1816.848698339312,137684.32663523173,1.1566505854445106,171.10370379507455,3.355596622850534,4000,4800,Blue
Mazda,3,2021,Automatic,Hybrid,Black,1391.190272119605,98279.06803857558,3.982971356596931,159.6885821575663,6.9392873646665025,,,Black
Hyundai,Tucson,2011,Manual,Gasoline,Black,1191.9511926216296,227403.9599025558,2.0336596868867125,92.65989214,6.529457091562504,4000,4800,Black
Toyota,Yaris,2016,Automatic,Gasoline,Blue,1619.4049629235533,155978.26942714374,3.012259814,203.6163389602915,7.798803310723682,4000,4800,Blue
Honda,CR-V,2021,Automatic,Gasoline,White,,,,205.44869461860966,7.160553417365169,6917.150054783441,8300.580065740129,White
Skoda,Octavia,2017,Automatic,Diesel,Blue,1404.9604001736554,101148.48691999719,4.082369637293948,223.76069541456164,6.596026461569942,8059.663312159194,9671.595974591033,Blue
Kia,Picanto,2008,Manual,Gasoline,Blue,1586.231964210413,,,98.71288497746829,7.458741931611427,4000,4800,Blue
Mazda,3,2014,Manual,Gasoline,Black,1797.5841702344503,101834.8343184393,1.0573566249130815,124.86099600668578,3.9858716980109907,4000,4800,Black
Honda,CR-V,2007,Manual,,Black,,202091.9886006404,1.9696980394481742,76.94596704998332,6.766577850006186,4000,4800,Black
Kia,Ceed,2013,Automatic,Hybrid,Blue,1398.2149912745858,260358.5680454795,2.988650272578496,127.41159871314795,3.925920194867044,4000,4800,Blue
Kia,Picanto,2017,Automatic,Gasoline,Blue,1414.368818,88270.72272711757,2.0901969626778647,193.22571054630197,8.865259792877435,7398.918682002419,8878.702418402901,Blue
Toyota,RAV4,2022,Automatic,Gasoline,Blue,1814.9812162473502,40030.99724024413,1.032860295,75.24748493234354,3.479742519026252,,,Blue
Kia,Picanto,2019,Manual,Gasoline,Black,2382.012102984504,157344.6980568155,3.0136716160645873,86.62217079319618,5.808147295331184,4927.916318635289,5913.499582362347,Black
Skoda,Octavia,2008,Manual,Diesel,,1190.2086832983746,160114.7786784088,3.9585296614209065,111.6651555012025,7.535176323634307,4000,4800,Blue
Honda,Jazz,2019,Automatic,Gasoline,Blue,1986.5451886257795,184873.55179255284,2.053216561,186.64347135372225,,4300.5810571475095,5160.6972685770115,Blue
Kia,Ceed,2006,Manual,Gasoline,Gray,1427.1793302598262,,0.9569759246666798,203.78276949100442,3.491320358,4000,4800,Gray
Toyota,Corolla,2019,Manual,Diesel,White,2044.1103541906004,240267.29121167876,1.9407510049624586,180.53844876883124,6.712494061558632,4000,4800,White
Skoda,Octavia,2012,Automatic,Diesel,Silver,1390.9249660482276,236607.01163959998,3.0063273102523085,121.69252525922482,7.162975219965442,4000,4800,Silver
Hyundai,Tucson,2012,Manual,Gasoline,White,,44922.09078431163,2.8677292469059896,224.73602783822616,,10277.269066823546,12332.722880188256,White
Honda,Jazz,2021,Manual,Hybrid,Gray,,256774.1711355716,4.033643216927666,146.6199363577191,5.407587639052024,4000,4800,Gray
Kia,,2016,Automatic,Gasoline,,1386.1568838296466,15795.08782558413,1.0207529022802648,76.58177627809958,6.722209412941908,6844.651477547799,8213.581773057358,Silver
Toyota,Corolla,2023,Automatic,Gasoline,,2016.9299192377912,20006.20219440108,,,5.880331072,12749.26666,15299.11999350984,Blue
Hyundai,Tucson,2014,Automatic,Gasoline,Gray,1199.5915001313688,193649.97841821783,3.9855689182178526,126.94502843412562,7.457015798023177,4000,4800,Gray
Hyundai,i30,2013,Automatic,Hybrid,Blue,1565.8676285090366,139172.1804,,199.4349595465339,6.807963441,4000,4800,Blue
Mazda,,2009,Automatic,Gasoline,Black,1574.5450069242108,109694.87075756412,0.9565540907792204,,6.381378363,4000,4800,Black
Skoda,Kodiaq,2010,Automatic,Gasoline,,1193.3867649433982,26745.89395250101,2.010161763293342,227.1480376415774,4.561110575051925,6454.804181674326,7745.765018009191,Red
Kia,Picanto,2006,Manual,Gasoline,Gray,2023.9382829420244,259521.6861,1.9862694036299586,225.37004956011467,3.022266418999615,4000,4800,Gray
Toyota,Yaris,2017,Automatic,Diesel,Black,1782.5293176331236,,4.006191124756872,168.31456768013896,3.973260501119377,9234.343524803227,11081.212229763873,Black
Mazda,3,2010,Automatic,Gasoline,Gray,1189.545389081553,,1.9914262637768796,224.11110673946715,3.6996231734914544,4000,4800,Gray
Skoda,Fabia,2009,Automatic,Gasoline,Gray,2004.1325953220512,182283.7036172678,0.9805913099221325,148.08011723583917,5.865672672437056,4000,4800,Gray
Mazda,2,2005,Automatic,Gasoline,Black,1167.3352018566675,178285.92617097835,,198.13542704646667,,4000,4800,Black
Honda,Jazz,2010,Manual,Gasoline,Silver,1205.8439522146948,49518.64147199559,3.0430039482014193,73.82033287634664,4.600185887,4000,4800,Silver
Skoda,Fabia,2010,Automatic,Gasoline,White,1369.782468,230631.5677365887,1.9711085012489473,160.00455030919005,9.085115737482061,4000,4800,White
Skoda,Fabia,2020,Automatic,Diesel,Blue,2011.1021972536423,48021.6539,4.021773033374529,169.61878081480012,2.8342506266406757,7711.297394456837,9253.556873348203,Blue
Kia,Ceed,2008,Automatic,Gasoline,Gray,1784.1687873998774,9087.046927892392,4.0285975713222015,209.10962670436615,7.926174772049191,,,Gray
Skoda,Octavia,2015,Manual,Gasoline,Blue,,256890.6789368292,3.9293160581465836,190.4487475897321,7.1615539313925956,,,Blue
Mazda,CX-5,2013,Manual,Diesel,Red,1205.339785,228614.43479047157,4.053764276623442,200.35952854112028,5.309355870158861,50,60,Red
Skoda,Fabia,2007,Automatic,Gasoline,Black,2415.5417571698013,169214.56734870965,4.1132192347784455,127.40342383841468,3.178016773057068,4000,4800,Black
Kia,Picanto,2023,Automatic,Gasoline,Blue,1207.3649990089425,143460.71280937587,1.9951498357702877,165.75726807342667,7.1610660015726815,4000,4800,Blue
Kia,Sportage,2012,Automatic,,Black,1204.0644627535785,95464.37081066011,2.990574727987912,144.10657715981733,5.543429275,4000,4800,Black
Honda,Civic,2009,Automatic,Gasoline,Blue,2004.3416086681618,41764.463082813716,2.9882728104188945,214.96420817781274,8.962434674357333,8699.312492,10439.174990954856,Blue
Mazda,CX-5,2008,Automatic,Gasoline,White,2007.4836586447684,251008.4976696553,2.034167844193552,99.82369342110258,6.416389375559733,4000,4800,White
Hyundai,i20,2010,Automatic,Gasoline,White,1408.7699659869272,140127.55460111974,4.028121236358221,,9.216277569251538,4000,4800,White
Hyundai,i20,2006,Automatic,Gasoline,White,1792.282249896607,51737.50071919112,1.912425136722744,91.47659336192706,4.479673041520311,4000,4800,White
Skoda,Octavia,2015,Automatic,Gasoline,White,1412.8113948153627,126321.98822677592,2.9523151552039235,87.21288456061737,7.5881410899517325,4000,4800,White
Honda,Civic,2008,Manual,Gasoline,White,1584.3760366066963,93003.42377128043,1.027930431322042,130.21879153009883,6.814197187329803,4000,4800,White
Toyota,Corolla,2019,Automatic,Gasoline,White,1221.3631886993448,172014.2997403693,1.9920157343053853,158.65339167513355,7.825085047539762,4000,4800,White
Skoda,Fabia,2010,Automatic,Gasoline,Black,2415.3157361996246,160821.65572490703,3.9357986376089023,173.0488109716742,4.372341213390716,4000,4800,Black
Honda,Civic,2021,Automatic,Hybrid,Gray,1242.6894697342545,122465.74797821349,3.0825977775640325,100.80593231794757,,4000,4800,Gray
Mazda,3,2010,Automatic,Diesel,Blue,1210.0581905661415,217428.02451848463,,91.50503242067822,6.259290364,4000,4800,Blue
Mazda,CX-5,2023,Manual,Gasoline,White,1417.7949313025713,55061.93081976209,3.001969732186064,,7.710664941222659,16652.55182103092,19983.062185237104,White
Mazda,3,2006,Automatic,Gasoline,Black,2369.4536561378927,,,115.7903089845253,5.059628797788973,4000,4800,Black
Mazda,CX-5,2019,Automatic,Diesel,Black,2418.4329937466196,100042.18513849906,3.940612102612347,154.6431326893422,,105225.7535531511,126270.90426378131,Black
Mazda,2,2015,Manual,Gasoline,Black,2423.028227166122,237234.6608400087,1.0101828041633194,78.69772377941513,3.419356249392597,4000,4800,Black
,Civic,2012,Automatic,Gasoline,Gray,1429.4537688678017,,3.0215876936348423,168.6949362446917,8.252760022,4000,4800,Gray
Honda,CR-V,2023,Automatic,Hybrid,Blue,1202.3580367432853,7285.727693473508,1.9742517988835262,135.64467159711901,8.613458942582747,15927.264920867568,19112.71790504108,Blue
Kia,Ceed,2017,Manual,Gasoline,Gray,1393.3076985608138,96969.71895734148,0.9814907212511234,165.9777125851513,8.153989375422452,6229.407361,7475.288833194108,Gray
Hyundai,i30,2016,Automatic,Diesel,Silver,1978.6735812737859,203070.6221817405,3.033060195717964,226.46377785265327,6.367739462636656,,,Silver
Mazda,3,2009,Automatic,Hybrid,Black,1980.4642091052026,198867.60469800222,0.8912575076849979,135.53869126494223,5.767296318255381,4000,4800,Black
Toyota,Corolla,2010,Manual,Gasoline,Silver,1399.4987689234206,103561.55750097045,1.953477776068073,119.63407667016618,9.572042571,105225.7535531511,126270.90426378131,Silver
Honda,CR-V,2008,Automatic,Gasoline,Red,2365.716940284828,,3.011750793855503,124.07701403447233,4.4052027793327735,4000,4800,Red
Toyota,Corolla,2023,Automatic,Gasoline,White,1184.9627080963162,144573.67305327105,1.9710000646701569,169.2184555439612,6.513521867315363,4484.205102959599,5381.046123551519,White
Toyota,RAV4,2005,Automatic,,White,1401.752325698627,101789.06462191929,3.970213301100198,123.24946473152119,7.423515060230172,4000,4800,White
Toyota,Corolla,2021,Manual,Hybrid,Gray,1401.3154562057052,68181.63427,3.049643256110123,116.85067258189517,7.497568274545079,6650.119722897016,7980.143667476419,Gray
Kia,Ceed,2016,Automatic,Diesel,Blue,1381.0248584378182,47907.15404265841,,225.5924459771916,4.274320494728495,5855.994546411465,7027.193455693759,Blue
Honda,Civic,2019,Automatic,Gasoline,Silver,1575.8480690607682,156018.5500051815,3.108964916281179,92.10476839288957,7.1869544691922345,4000,4800,Silver
Toyota,Yaris,2005,,Diesel,Blue,1978.7714978414947,,2.903404195121712,185.81037693644265,8.263438088187707,4000,4800,Blue
Mazda,3,2018,Automatic,Hybrid,Gray,2395.676987846204,30259.355643684994,3.878217273903509,74.57485988717984,3.297024165346261,7672.712048287715,9207.254457945259,Gray
Skoda,Octavia,2010,Automatic,Diesel,White,1841.6891507173511,,3.0483903888884254,153.0654241109327,8.901425402178909,4000,4800,White
Toyota,Yaris,2009,Automatic,Hybrid,Blue,2420.755326916517,232411.88217743608,0.9458279381647925,121.11313973844625,3.165925168864875,,,Blue
Kia,Picanto,2015,Automatic,Diesel,Blue,1804.1926916914801,249787.9005743464,2.946757149072044,173.75629052646772,,4000,4800,Blue
Honda,Jazz,2008,Automatic,Diesel,White,1610.8419882486714,251178.3631635116,4.054215116137552,125.79494859924449,3.113807443987916,4000,4800,White
Kia,Picanto,2017,Automatic,Gasoline,Silver,1419.8847782161743,245933.0316144843,2.9726225620065705,220.52223771949002,3.491651331714234,4000,4800,Silver
Toyota,RAV4,2015,Automatic,Gasoline,White,1613.2247185406854,109355.44095554735,1.0501205482606106,80.42716011384856,8.841532801208029,,,White
Honda,CR-V,2007,Automatic,Gasoline,,,146665.64653666533,3.9663933826063307,127.84994181406623,5.399795744192038,4000,4800,Blue
Skoda,Octavia,2005,Automatic,Diesel,Silver,1183.448257359599,,4.019959403,191.6639541206654,5.836087100376339,4042.340979782676,4850.809175739211,Silver
Toyota,Corolla,2010,Manual,Gasoline,Silver,1997.5478538877146,131803.3828711649,0.9718433103820739,,4.303206309255855,,,Silver
Kia,Picanto,2022,Automatic,Hybrid,White,1819.6572628264148,31161.134370497144,0.9493591506585111,116.99553399240278,6.960618982600457,13262.07512830584,15914.490153967006,White
Hyundai,Tucson,2014,Automatic,,Blue,,161310.6504316235,1.095279357447335,204.36032832999015,6.981788954131077,4000,4800,Blue
Mazda,3,2009,Automatic,Diesel,Gray,1778.3768191508445,44925.21737097992,1.0614675345738502,,5.392380188644569,4000,4800,Gray
Kia,Ceed,2014,Manual,Gasoline,Blue,,1330633.481549176,0.959994335,127.94033169950951,5.198590536163608,4000,4800,Blue
Honda,Jazz,2016,Manual,Gasoline,Black,1797.6309153754737,79939.24318,3.990178292831664,156.1824860539975,8.607659504934821,8000.842979630191,9601.011576,Black
Toyota,RAV4,2006,Automatic,Gasoline,Red,2379.923837,231404.82523036218,4.081274604452829,151.6518934727588,5.421205408446993,4000,4800,Red
Mazda,CX-5,2017,Automatic,Diesel,Gray,1991.4555352669347,229674.40322252206,2.9455928970854792,114.44879526445531,6.278818258645371,4000,4800,Gray
Toyota,Yaris,2012,Manual,Diesel,Silver,2428.5046383746144,195116.30153000244,2.9485720884558586,208.71261837873294,4.726887038171399,4000,4800,Silver
Honda,CR-V,2006,Automatic,Hybrid,Gray,1798.9459330736966,148200.81976625687,2.0258794780020266,71.45984991,8.085067505816466,4000,4800,Gray
Toyota,Corolla,2005,Automatic,Gasoline,Silver,1785.3103041068646,258259.0723065022,3.1250035207978386,76.37710946,5.519787375407544,4000,4800,Silver
Hyundai,i20,2009,Automatic,Hybrid,Silver,2406.0435702664204,89700.08863380003,3.002963730295248,162.25654756597405,6.321562881194944,6413.188107046482,7695.8257284557785,Silver
Mazda,CX-5,2013,Automatic,Hybrid,Gray,1637.601218922274,10419.64825221324,1.057798024891054,79.08951506418883,4.636783581767797,,,Gray
Mazda,3,2021,,,Silver,1997.6374632170016,139355.35236855803,0.9439842076868284,176.9231922837222,9.439280906,12639.688369481742,15167.62604337809,Silver
Honda,CR-V,2013,Manual,Hybrid,Silver,1153.8923735676624,44799.192556278016,3.019877966115504,143.44660481124552,4.793560458545001,4000,4800,Silver
Hyundai,i20,2015,Automatic,Gasoline,Black,1412.7247519627044,198506.00569153813,1.9802011835223365,146.5258285987649,8.009968152,4000,4800,Black
Kia,Picanto,2019,Automatic,Gasoline,Blue,1806.7811035759453,45352.548548169834,1.102768229848144,117.76088585974922,5.947283756786651,8036.656362341724,9643.987634810068,Blue
Toyota,RAV4,2010,Manual,Diesel,Blue,1401.7640762048468,188558.2466928678,3.0880169403250712,83.99703095142644,4.369924107401432,4000,4800,Blue
Skoda,Octavia,2007,Manual,Gasoline,Red,1195.7097727359587,,3.1254947368995936,165.88998160952536,8.208719040168264,4000,4800,Red
Toyota,RAV4,2021,Automatic,Diesel,Red,1384.1982643849476,60253.50319849198,3.9617093952410265,222.4749438097871,5.019607630244703,,,Red
Toyota,Corolla,2009,Manual,Diesel,Black,1229.6544621442436,79197.21429160748,2.0019543763660215,137.28763641778175,8.576705021384967,4000,4800,Black
Kia,Picanto,2016,Manual,Gasoline,Red,,31221.723153910407,4.020655053417969,86.29808996828737,9.053804109219186,11221.148152829877,13465.377783395852,Red
,Yaris,2022,Manual,,Gray,1593.9523230625102,85249.56223,1.9638577571306186,137.42092179583943,8.723184760546042,13359.744698648601,16031.693638378321,Gray
Hyundai,i30,2018,Automatic,Gasoline,White,1793.494695235333,38390.94239084953,1.0072153272998392,168.69460766163508,3.243105878339169,10906.750052048865,13088.100062458638,White
,Tucson,2015,Automatic,Gasoline,White,1216.7054707741402,225509.6213707253,2.050044363400583,116.55884942970262,8.032799874725885,4000,4800,White
Mazda,2,2013,Manual,Gasoline,White,1424.1871123962196,,2.969699276141722,134.04513864677045,5.704883922757147,4000,4800,White
Honda,CR-V,2006,Automatic,Gasoline,Black,1795.5618590203987,90579.18631967361,2.9612762631622798,158.61285819873981,8.772258879,4000,4800,Black
Skoda,Fabia,2016,Manual,Gasoline,Black,1603.777159024115,163200.29354284846,1.9576261121662597,146.29359537223897,7.187865535189928,4000,4800,Black
Toyota,Corolla,2007,Automatic,Gasoline,Silver,2405.4413793556887,89778.80160592309,1.9260216113516198,209.77497701905236,8.429205109848551,6362.861689771703,7635.4340277260435,Silver
Toyota,RAV4,2007,Automatic,Gasoline,White,1820.6180558049373,200884.00766876634,2.047017119966431,,6.2798781378165796,4000,4800,White
Kia,Ceed,2005,Automatic,Diesel,Gray,1220.2149089223533,62863.61344661578,3.9611489813606346,156.8181811594715,,,,Gray
Honda,Civic,2012,Automatic,Diesel,Red,1589.4609665160951,197882.47553757788,1.9553439705161109,86.97447012259603,3.8903864197384683,4000,4800,Red
Hyundai,Tucson,2012,Manual,Gasoline,Gray,1408.5715851310558,200659.5171017769,1.029128275972137,85.20105436836177,8.057127981196508,4000,4800,Gray
Skoda,Kodiaq,2015,Manual,Gasoline,Red,1607.501860818522,189595.78437148102,3.999415528224377,128.1933423838622,5.739660395054822,4000,4800,Red
Mazda,2,2013,Manual,Hybrid,White,1597.7311514105663,,3.9710665920768666,,6.393452175,6799.282594418767,8159.139113,White
Hyundai,Tucson,2009,Automatic,Diesel,White,2007.3164916649766,15169.538039418807,2.0446296842841836,190.86409495792552,8.166183100370333,50,60,White
Honda,Civic,2018,Automatic,Hybrid,White,1600.3951600039643,52952.653480493835,0.9688690038958672,223.21461876014376,6.7862105608785015,11797.316004117472,14156.779204940967,White
Mazda,2,2007,Automatic,,,,252424.9722111655,3.8801465808798445,203.96076693026026,,4000,4800,Black
Kia,Sportage,2009,,Gasoline,Red,1773.4572131969228,,3.073402539950629,72.61960143,6.903102464712381,4000,4800,Red
Kia,Picanto,2009,Automatic,Gasoline,Black,1382.031607978648,203127.51998707422,3.954403171810244,177.07141130323166,5.6164955005471855,4000,4800,Black
Toyota,Corolla,2023,Automatic,Gasoline,Black,1816.0069388764357,202710.78338558253,1.9604175208246757,185.35032151169432,6.120145933705431,4000,4800,Black
Honda,Jazz,2018,Automatic,Gasoline,Blue,1776.3036678787876,251121.2098823114,0.9606607080562573,94.24203681627216,3.218040843759744,4000,4800,Blue
Skoda,Kodiaq,2008,Automatic,Gasoline,Gray,1209.202028343132,250123.7972621988,2.0032813703213654,126.50263025647884,4.563638839623145,4000,4800,Gray
Mazda,2,2017,Manual,Gasoline,Gray,1798.4061486765054,209163.84069795618,2.984901407251514,192.05963456714125,4.7583078997026185,4000,4800,Gray
Hyundai,i20,2014,Manual,Gasoline,Silver,2020.1742783288644,203178.76896528588,3.0543988829868396,168.02730169078706,,4000,4800,Silver
Honda,Jazz,2022,,Diesel,Black,2012.6997745643564,157395.76888859307,3.0905727962430927,86.01002538,3.1218236585514467,4000,4800,Black
Honda,Civic,2012,Automatic,Diesel,Red,,204674.57960828586,1.962606241118528,177.41923136566135,,4000,4800,Red
Kia,Sportage,2012,Manual,Gasoline,Blue,,204302.81087992195,3.948357405,,8.922941981018061,4000,4800,Blue
Toyota,RAV4,2011,Automatic,Diesel,Blue,1361.1346153435236,230261.79879572257,1.9712663881750845,,3.6432909681229906,4000,4800,Blue
Toyota,Yaris,2012,Manual,Gasoline,Gray,1397.4475565923342,146996.18392958614,1.0241726332276289,75.30023044,6.502118573433235,4000,4800,Gray
Mazda,2,2018,Manual,Hybrid,Black,,88828.47301064643,3.993593672923358,210.13353350962643,8.214654635725644,11469.540742167104,13763.448890600524,Black
Kia,,2023,Automatic,Gasoline,Silver,10000,177207.73811305533,2.9724495263196067,,9.133057164,10142.115886968593,12170.539064362312,Silver
Honda,,2010,Automatic,Hybrid,Black,2387.5132382973184,120329.9384329229,1.9285922629169796,79.08793517857764,7.851162318047645,4000,4800,Black
Skoda,Octavia,2005,Automatic,Diesel,White,1782.8406536089653,214670.30427982908,2.8783882211242338,161.60253665016222,,105225.7535531511,126270.90426378131,White
Kia,Sportage,2019,Automatic,Gasoline,Black,1423.248799237654,133520.0786703645,2.9446846365519916,,8.506273258683578,7409.427309414755,8891.312771297706,Black
Mazda,CX-5,2005,Automatic,Gasoline,White,1575.0191474313697,221239.0184725849,1.069613218745582,133.81219697974964,,4000,4800,White
Mazda,,2021,Manual,Gasoline,White,1981.148736726388,,4.024003859172059,107.46078334464967,8.190294529469604,6775.605851313712,8130.727021576455,White
Kia,Picanto,2005,Automatic,Gasoline,Silver,1586.3330526501368,170626.80826379696,0.9894549010958267,149.84977141206926,3.320889814845757,4000,4800,Silver
Mazda,2,2019,Automatic,Gasoline,Red,1590.582481841412,79511.14683,1.040178875826487,154.82816025160244,8.951441279883761,8824.332042676016,10589.19845121122,Red
Kia,Picanto,2006,Manual,Diesel,Gray,1382.8377309880525,1330633.481549176,0.9290947745123053,157.66446238677702,5.781197459597963,,,Gray
Hyundai,Tucson,2018,Manual,Gasoline,Black,1592.9699428538106,,,155.79834518021943,6.435070228546664,4000,4800,Black
Kia,Ceed,2012,Automatic,Diesel,White,2405.914439736511,75846.00068568322,0.9016510834925486,163.53981914866114,4.924583022846612,7417.516637866876,8901.019965440251,White
Kia,Picanto,2012,Automatic,Hybrid,Black,1213.1119730409534,34523.64633565945,1.019050297362196,157.46644876799252,7.8325688784506395,4046.290771822279,4855.548926186735,Black
Mazda,3,2023,Automatic,Gasoline,Red,1812.1616282388604,187212.50223462275,4.014287772925744,105.98298414306646,3.418810620559446,4000,4800,Red
Mazda,2,2011,Automatic,Gasoline,Gray,10000,214241.63086721904,4.015597714255473,,8.682330783897092,4000,4800,Gray
Toyota,RAV4,2023,Automatic,Gasoline,Red,2007.4420439327712,46848.306700508874,1.064283955353497,,8.338066411129605,16506.711367346208,19808.053640815448,Red
Toyota,RAV4,2010,Automatic,Diesel,Gray,1808.6498251367818,224382.59993725023,4.0427228866277405,,4.225905874049844,4000,4800,Gray
Hyundai,i20,2010,Manual,Gasoline,Blue,,7281.480293840731,3.933442492705657,168.9389470288185,8.373626235410478,8303.079035498902,9963.694842598683,Blue
Toyota,Yaris,2007,Automatic,Hybrid,Gray,2032.6436432931991,36130.006,1.0651153641538469,225.1741884981802,8.103158806944066,7247.782140441206,8697.338568529447,Gray
Kia,Ceed,2011,Manual,Diesel,Silver,1821.290234901268,155262.39867069584,2.9884684898893625,174.95663536778144,7.165859857235983,4000,4800,Silver
Mazda,CX-5,2023,Manual,Gasoline,Red,2396.4174376332053,240915.18386062112,0.8915322223126935,133.61546300526302,,4000,4800,Red
Toyota,Yaris,2012,Automatic,Gasoline,White,2388.334376078126,,3.994012389962088,124.83307369017315,4.812260980682868,5537.122775617652,6644.547330741182,White
Toyota,Yaris,2014,Manual,Hybrid,Blue,2432.325762693961,18383.31763319013,3.0356281032750805,163.5677981297151,4.291222028829443,10732.54736043392,12879.056832520704,Blue
Hyundai,Tucson,2019,Automatic,,Silver,2399.6278206185516,109354.94803420936,1.944181739562842,92.90950119321273,,7440.8778577588055,8929.053429310567,Silver
Honda,CR-V,2019,Manual,Gasoline,Black,1601.6645353877377,89579.71572,3.073381357570244,166.35884143469656,8.798329682067976,13141.97831,15770.373977850239,Black
,i30,2005,Automatic,Gasoline,Red,1201.4182824912955,237784.34206432375,3.9491662201156355,223.3301102479641,3.4222664304650356,4000,4800,Red
Kia,Ceed,2011,Automatic,Diesel,White,1845.0815091616332,115048.4362578915,2.9735131765686513,190.81700226794837,8.350685965176835,4137.880788098878,4965.4569457186535,White
Mazda,3,2008,Automatic,Gasoline,Gray,1595.7618792440965,29164.99068161643,0.9634024525632192,163.26926624621373,5.107676984539168,4000,4800,Gray
Hyundai,i20,2010,Manual,,White,2399.5372263798818,184068.69054884586,1.9059112287269042,176.42057259278226,6.345577345751776,4000,4800,White
Toyota,Yaris,2005,Manual,Gasoline,Black,1183.732583769379,171320.04464673757,1.9453223973157308,208.5309584661432,8.139072708,4000,4800,Black
Mazda,2,2009,Automatic,,Blue,1992.375846213529,162953.6465311479,1.9608081336404153,79.15559283249699,8.664702651218251,4000,4800,Blue
Mazda,2,2005,Manual,Diesel,Blue,1979.8112863584452,160671.87296424902,3.9928369571587043,75.50436621357116,5.041075152,4000,4800,Blue
Toyota,Corolla,2008,Automatic,Gasoline,Red,,72638.94360517868,3.834751914566633,226.5251381,6.086666923,6161.858566473202,7394.230279767842,Red
Hyundai,Tucson,2006,Automatic,Gasoline,Blue,2364.571580115733,,2.039450282033712,107.2907434044564,5.737186599469679,4000,4800,Blue
,Corolla,2014,Automatic,Gasoline,,2017.2551694981523,,3.0389063696878167,,3.0192810308118245,,,Red
Honda,CR-V,2009,,Gasoline,Red,1403.0681897162056,176058.18983606447,2.065046099633853,228.46628974961453,4.845671709271124,4000,4800,Red
Mazda,3,2014,Automatic,Diesel,Red,1804.6803815829066,99745.99230610393,2.917875959783689,,6.078300140998931,4000,4800,Red
Skoda,Kodiaq,2005,Manual,Gasoline,Gray,1798.9735602418705,125872.66247480758,2.983877980101834,163.77245355108752,5.675946583023165,4000,4800,Gray
Skoda,Octavia,2010,Automatic,Gasoline,Silver,2401.4047649234485,192231.88811979775,4.0518313363013085,139.36732130551266,,4000,4800,Silver
Kia,Sportage,2017,Automatic,Diesel,Red,1431.693409390151,171880.21062823484,3.0565694351658177,135.8901447157139,5.4921908151703995,,,Red
Toyota,Corolla,2019,Automatic,Diesel,Red,1584.9518603730494,156911.41723975935,2.0814234825901323,215.600427,6.098373283284272,7504.875762,9005.850914432676,Red
Toyota,RAV4,2008,Manual,Gasoline,Silver,1605.4486215057368,85055.70498598435,,186.37813855669282,5.733870214327951,4000,4800,Silver
Kia,Picanto,2017,Manual,Gasoline,White,2005.3435929025889,214544.44171068756,0.9969183236824999,163.68633567690858,7.795270677092186,4000,4800,White
Kia,Picanto,2019,Automatic,Hybrid,Red,1222.3535660261336,80496.70242705914,0.9142261170071692,166.20871026805568,8.698578263118113,8512.634269705666,10215.16112,Red
Kia,Picanto,2012,Manual,Diesel,Gray,1608.5863325776513,86170.04271306291,4.058627435547303,179.5323982589587,6.68901978,4473.756636704626,5368.507964045551,Gray
Mazda,2,2009,Automatic,Gasoline,,1209.5702125795196,73300.52143716706,,168.95528987413422,8.227296078294113,4000,4800,Blue
Honda,Civic,2019,Manual,Gasoline,Blue,1775.3703351797378,117990.3478017637,1.0018686420804717,160.9564197320177,4.893287162383159,5555.362021,6666.4344249221995,Blue
Toyota,Yaris,2008,Automatic,Gasoline,Black,1184.166354920061,115280.17651406772,0.9981925550216683,158.97363447236282,6.710882491379525,4000,4800,Black
Mazda,2,2016,Manual,Diesel,Black,1777.1590516470917,186555.25320588637,2.8681608982335254,85.80810249347016,5.252153738042293,4000,4800,Black
Kia,Picanto,2017,Automatic,Hybrid,Blue,1351.5367025176427,163290.9807314487,2.9553247894747305,88.06661413332999,5.6084771177965695,4000,4800,Blue
Toyota,Corolla,2006,Automatic,Diesel,,1407.7748733214335,154143.8518964465,2.024988727245655,182.93126985892985,7.808832883767894,4000,4800,Blue
Mazda,3,2023,Manual,Diesel,Gray,2394.878815489845,69866.97717663062,3.997325078,,8.638630592809006,14403.15362291866,17283.78434750239,Gray
Honda,CR-V,2023,Automatic,Diesel,Silver,2407.811523189547,75521.17118257956,2.0254259573994506,,3.683420145777887,13061.508084175099,15673.809701010117,Silver
Mazda,3,2008,Automatic,Gasoline,Black,2000.6946755327847,220715.73233486767,4.043155191393307,147.03072009205965,6.990303560619321,4000,4800,Black
Honda,Jazz,2008,Automatic,Gasoline,Silver,1604.7063570420312,113724.21117631749,0.9546759667056294,136.40533660723563,6.786245326137204,4000,4800,Silver
Kia,Picanto,2015,Automatic,Gasoline,Gray,2026.1925861154093,178960.5512464359,2.9716380739475055,188.66329333531144,3.8704582153062494,4000,4800,Gray
Honda,CR-V,2009,Automatic,Gasoline,Blue,1800.1427957950407,180542.15379274794,1.9922268530851948,66.90357620960219,4.499791961247207,4000,4800,Blue
Toyota,,2015,Automatic,Hybrid,Red,,142807.09519164823,2.042585476461279,126.01325361461114,,4000,4800,Red
Kia,Ceed,2014,Automatic,Gasoline,Silver,1194.083810929429,,3.9871115837492384,218.12555196805226,,4000,4800,Silver
Toyota,RAV4,2012,Automatic,Gasoline,Blue,1816.1445968489252,214262.1316690775,3.9019405643891942,177.46332887302094,4.645457489473006,4000,4800,Blue
Skoda,Octavia,2010,Manual,Gasoline,Blue,2375.7350406866913,1330633.481549176,1.9890889160830634,221.51543271796413,4.714186688741188,8204.774372586788,9845.729247104146,Blue
Hyundai,i30,2010,Automatic,Gasoline,White,1364.0312422782981,212838.0093507022,4.040370670633785,186.0721053728616,5.264884790201365,4000,4800,White
Honda,CR-V,2012,Automatic,Gasoline,Silver,2441.2362680637098,260943.6887935711,2.074711566639394,154.59067997206694,7.859390746,4000,4800,Silver
Hyundai,i20,2019,Automatic,Gasoline,Red,1635.9442498161393,171849.09135462486,2.0154472857975794,84.00881288411276,6.818916233519573,4000,4800,Red
Hyundai,,2018,Automatic,Diesel,,1761.9180411953562,110836.46819188092,1.918187508706285,123.99932354866695,9.399603708682145,6770.023579116491,8124.028295,Silver
Honda,Jazz,2015,Manual,Gasoline,Blue,1799.2931092548324,,0.9776270003614181,111.04231468392932,5.770786881782742,4000,4800,Blue
Kia,Ceed,2016,Automatic,Diesel,Red,1202.934497795669,19418.30435,4.026154573140443,174.14904850906436,7.864427972330308,7594.216996,9113.060395095396,Red
Skoda,Kodiaq,2017,Automatic,Gasoline,Gray,1614.151615961607,177017.83561087653,3.0476900039453296,201.43279803501454,,5790.761982192196,6948.914378630635,Gray
Toyota,Corolla,2012,Manual,,White,1434.0436844197832,185285.71428769347,3.0279171484525156,,7.250898647751621,,,White
Mazda,3,2022,Manual,,Blue,1779.2237058289468,234028.62589408824,3.9861475871090915,211.28601595405274,5.621829999086448,4000,4800,Blue
Toyota,Yaris,2005,Automatic,Gasoline,Black,1780.2753986991302,82494.54509761352,,91.71782370724169,7.880618661987831,4000,4800,Black
Mazda,2,2019,Manual,Diesel,Black,1199.977075121492,174230.9254643543,2.964733281780968,167.42629653482328,4.309347788067355,4000,4800,Black
Toyota,RAV4,2012,Manual,Gasoline,White,1981.1386967002754,184708.67807709516,3.010165972042086,135.00003751760954,5.350478885773575,4000,4800,White
Honda,CR-V,2015,,Gasoline,Gray,,84505.79366106127,,212.4774527016867,6.564322754983529,5404.530765324051,6485.436918,Gray
Skoda,Octavia,2016,Manual,Diesel,Blue,2395.551949470781,180538.47658249963,,124.58247713262425,6.571393737158379,4000,4800,Blue
Mazda,CX-5,2016,Manual,Gasoline,Silver,1616.7857663385005,218295.8896338735,2.0329835542798302,217.6816400561071,3.2590467808687054,4000,4800,Silver
,Sportage,2008,Automatic,Gasoline,White,1799.5993665766327,224794.51560024457,4.031597254667255,165.64031468009537,9.200785439904354,4000,4800,White
Toyota,Yaris,2020,Automatic,Diesel,Gray,1812.2152088275795,132133.53548989154,1.942263492194567,144.6249483068114,7.391958182716632,6638.551241441466,7966.261489729759,Gray
Toyota,Corolla,2008,Automatic,Diesel,Silver,2409.4153286841206,242288.45103872748,3.0009666420683074,,6.243464962492178,4000,4800,Silver
,2,2009,Manual,Gasoline,Black,1379.8975415754678,220941.35896649756,2.949940913506692,183.4197395052886,9.178025307,4000,4800,Black
Kia,Sportage,2009,Manual,Hybrid,Black,2001.3314697246424,,1.9840628218815932,,,4297.982370628524,5157.578844754229,Black
Kia,Sportage,2012,Automatic,,Silver,1770.146146,48442.91715,0.9356487749158874,180.18258572144336,9.430438409803953,9599.852724,11519.823268525151,Silver
Honda,Jazz,2014,Automatic,Gasoline,White,1389.9797401880348,19201.991089555726,3.0189923612268275,,6.240934384257974,4417.802102360612,5301.362522832734,White
Honda,Civic,2021,Automatic,Diesel,Black,2400.9875825111408,112167.69250546914,0.8918073218059864,139.05952545535882,3.747064194,,,Black
Honda,Civic,2013,Automatic,Gasoline,Blue,1199.9774374386939,22314.322976215703,3.033984808309547,224.08438152995848,7.954097493,8934.135063507294,10720.962076208752,Blue
Honda,CR-V,2023,Automatic,Gasoline,Red,1974.7309367840874,216144.70280460612,,108.44603826469452,7.152866256,4000,4800,Red
Honda,Jazz,2018,Automatic,Gasoline,Silver,1578.6837459603244,,1.104724607929428,201.23803898192924,8.018335243,,,Silver
Honda,CR-V,2012,Manual,Gasoline,,1805.6953122943496,135342.8460664379,0.9887356086175859,220.15811388938607,9.043432166919382,5036.959734250651,6044.351681100781,Silver
Skoda,Octavia,2013,Automatic,Diesel,Black,1416.1955939038264,,1.9887192821345865,200.8405952345842,8.094681017,4000,4800,Black
Kia,Picanto,2015,Manual,Gasoline,White,1195.9487695540797,172500.28128571625,1.0375772485288601,94.78576220694298,6.894358344894606,4000,4800,White
Honda,Civic,2005,Automatic,Diesel,Blue,1594.9688992660326,,0.9919347505102892,174.78892393256442,8.370839398187915,4000,4800,Blue
Kia,Picanto,2018,Automatic,Diesel,White,1418.229015683329,237612.8059,1.015131094848028,,,4000,4800,White
Kia,Picanto,2009,Automatic,Gasoline,Gray,1384.8873961090744,179123.3149,3.054747326207331,204.1339120908735,5.696125234543014,4000,4800,Gray
Hyundai,i20,2018,Automatic,Diesel,Gray,1633.8052833381144,211052.47475415398,0.9852718006217444,,8.817423632,4000,4800,Gray
Skoda,Octavia,2008,Manual,Gasoline,Red,1173.6673153486856,197947.00503815326,3.0658058081324637,174.17473020683371,4.268030922331733,4000,4800,Red
Honda,Jazz,2005,Automatic,Gasoline,Black,2420.523514050144,,0.9075542185813353,,7.499817074532817,4000,4800,Black
Toyota,RAV4,2023,Manual,Diesel,Black,,39347.11475726792,1.088280603521805,107.76968920589168,8.699246201,12332.030826104765,14798.436991325718,Black
Mazda,3,2012,Automatic,Gasoline,Black,2047.176266543234,103443.65191144723,1.9015513800983412,176.46712825813108,7.890825893125158,,,Black
Toyota,Yaris,2019,Manual,Gasoline,Red,1778.053967755157,176089.73113606675,3.0744455316910813,215.69942289386992,7.386953654717933,4000,4800,Red
Skoda,Fabia,2019,Automatic,Gasoline,Gray,1554.3132870442794,111931.35507833802,0.8972407227664944,178.5159769331893,7.935422699657373,10138.244141140658,12165.89296936879,Gray
Mazda,CX-5,2013,Manual,Gasoline,White,2424.4569573626236,157454.00179234237,,173.06333804397786,5.837570849062156,4000,4800,White
Skoda,Octavia,2013,Manual,Gasoline,Red,1571.1997715175141,222914.23199295293,,116.00632389041081,8.729510447942006,4000,4800,Red
Kia,Ceed,2014,Automatic,Gasoline,Red,1612.053354035297,87290.08545484558,3.9479787981497054,226.24929544383397,4.370606388488757,4000,4800,Red
Mazda,3,2013,Automatic,Hybrid,,1223.1397035774044,193242.5040146067,2.1026853539520096,131.12584306670374,3.8489715842925167,4000,4800,White
Kia,Sportage,2007,Manual,Gasoline,Black,1807.433526619317,51962.084961322464,1.9400515662434277,191.10426547507728,4.992897025220878,4000,4800,Black
Toyota,Yaris,2015,Manual,Gasoline,Blue,2004.5447633369747,69208.54221784492,1.987482887693157,83.72124372504493,,6266.664237939276,7519.997085527131,Blue
Toyota,Yaris,2010,Automatic,Gasoline,White,1407.8480946384823,82439.37431170867,4.1434040903407245,195.19494006246896,6.472541084483217,4000,4800,White
Mazda,2,2006,Manual,Gasoline,Gray,1416.3918933031468,266126.6963098352,4.021776604440777,175.09217085490062,8.310147174712927,,,Gray
Mazda,,2011,Manual,Hybrid,Silver,1611.491416739935,,1.8884564678797846,92.75044477091829,5.772817568633486,4000,4800,Silver
Honda,Civic,2022,,Diesel,Silver,1776.1863021338354,25955.64622640116,3.9849537233093653,-200,,11676.532265163112,14011.838718195735,Silver
Skoda,Octavia,2006,Manual,Diesel,Red,2435.722974232725,203419.90332497316,3.980083102912009,103.0719365372731,3.0808168948927053,4000,4800,Red
Honda,CR-V,2021,Manual,Gasoline,,1201.000400707537,187271.45237254168,4.010378916432031,91.08841985641996,,4000,4800,Silver
Skoda,Octavia,2015,Automatic,Gasoline,QuantumBlack,1810.1461402518983,87772.96926408885,1.9975531639429511,93.30202234965093,7.102582672561544,4000,4800,Blue
Honda,Jazz,2016,Automatic,Gasoline,Black,1813.917066424058,252038.38951875645,2.0300521460181793,75.58296793990976,2.8794663357214874,4000,4800,Black
Kia,Picanto,2023,Automatic,Diesel,Gray,1222.6264029452318,77528.25932222938,1.9158720022226703,135.28275289741848,4.881210189131593,5859.942058959401,7031.930470751281,Gray
Mazda,2,2011,Manual,Gasoline,Blue,1620.5941866507537,93484.86641,3.969834849958351,107.43384305762123,4.313125191722465,,,Blue
Toyota,RAV4,2010,Manual,Gasoline,Gray,1802.5786476569522,135672.17033197155,2.017168749322125,180.87773418802533,3.262554399132838,4000,4800,Gray
Skoda,Octavia,2005,Automatic,Hybrid,Gray,1401.3206048535465,223084.0140435488,3.958039798489612,87.36883865939635,6.248032568218558,4000,4800,Gray
,Kodiaq,2021,Manual,Gasoline,Black,1207.9982475838494,258897.0841436556,1.0603378704031257,180.33681093674957,4.253444408984835,4000,4800,Black
Toyota,Corolla,2015,,Gasoline,Red,2421.532853128483,181613.9995208429,3.959141184544409,132.60494600047534,7.962571227068086,4000,4800,Red
Honda,Jazz,2022,Automatic,Gasoline,Silver,1978.2212811858496,,3.0078910740917033,165.0597404562542,,13106.499363847764,15727.799236617317,Silver
Skoda,Kodiaq,2021,Automatic,Hybrid,Black,1612.6076754405485,234120.17168283695,1.9942215275911521,130.32371381980965,6.551894345401799,4000,4800,Black
Kia,Picanto,2011,Automatic,Gasoline,,1182.6509126543472,183641.86252920938,1.9441360997281805,123.93118116670144,9.377516370026905,,,Blue
Mazda,2,2021,Automatic,Diesel,Red,2036.2360893873959,216019.54776319975,3.003330370180293,122.02031457688165,5.820714463564286,4000,4800,Red
Toyota,RAV4,2013,Automatic,Diesel,Blue,2007.189894004438,218565.9820343579,3.927770741547367,136.04011717218134,6.3515487111622075,4000,4800,Blue
Mazda,CX-5,2021,Automatic,Gasoline,Red,2391.856578304408,79285.50407,0.9755767020177781,169.26906209902413,9.359277940407882,15929.284460822348,19115.141352986815,Red
Skoda,Octavia,2012,Automatic,Diesel,Blue,1808.3917996979426,170591.13491317435,3.001666762813409,126.03999713971251,4.5602114913331215,4000,4800,Blue
Skoda,Octavia,2021,Automatic,Gasoline,Black,2400.1801154139894,102334.5108605289,2.921416989,206.04429823756766,9.046706564,16344.215640992585,19613.058769191102,Black
Toyota,Corolla,2011,Automatic,Gasoline,Red,1796.8644626849468,31441.474000478967,4.034327279044143,202.65690744980733,3.283615628710697,4000,4800,Red
Kia,Sportage,2005,Automatic,Diesel,Red,1764.5857988677599,238426.36766221636,2.0143350928295147,172.5835327969304,5.891098671507599,4000,4800,Red
Hyundai,i20,2017,Manual,Hybrid,Gray,1179.9522050201833,221347.4321538886,4.029289641,157.81060054460963,3.6006104891188313,4000,4800,Gray
Toyota,RAV4,2023,Automatic,Diesel,Gray,1197.2507379625042,,3.0001359365558615,129.38876110624355,7.660357185834496,4000,4800,Gray
Hyundai,,2023,Manual,Gasoline,White,1566.9517585644312,214138.2591960905,2.936648384231676,73.88280872985509,7.110889075999817,4000,4800,White
Honda,Civic,2021,Manual,Gasoline,Blue,1788.506472910955,256168.23452488874,1.999995989091665,194.78152737705142,7.515468400491584,4000,4800,Blue
Hyundai,i20,2017,Automatic,Gasoline,Gray,,122969.47402272093,2.034305005886507,151.93676950623154,,4000,4800,Gray
Kia,Ceed,2020,Automatic,Gasoline,White,,47971.79772078388,1.9344667932158457,117.04087323377982,,6378.509931673367,7654.211918,White
Honda,,2012,Automatic,Gasoline,Gray,10000,32501.41898509232,3.9388427677838806,144.46377320871636,3.4042334061898347,4000,4800,Gray
Hyundai,,2023,Automatic,Gasoline,Blue,1182.7713585310262,12975.091733567342,1.9864516677574757,109.59347814665583,5.22352014,9823.413249,11788.09589917914,Blue
Honda,Civic,2022,Automatic,Gasoline,Red,2401.730534902524,251015.35370035816,2.979556216487951,213.04335105208395,8.933042549900474,7697.881331826704,9237.457598192044,Red
Hyundai,Tucson,2005,Automatic,Gasoline,Silver,1593.0870855179287,133517.57182195966,2.9991100898137772,,5.382635740831254,4000,4800,Silver
Kia,Picanto,2018,Automatic,Gasoline,Blue,1597.6746344018686,48068.450338932984,0.9839403842402094,128.87676490216109,8.409626094052687,,,Blue
Hyundai,i30,2023,Automatic,Gasoline,Black,1631.444066542783,252024.59696285086,4.0088088766653565,111.13490463472543,8.555215999,4000,4800,Black
Hyundai,Tucson,2019,Automatic,Diesel,Gray,1603.5172229560696,154904.08028176485,1.0672679674633705,,5.445134115173937,4000,4800,Gray
Hyundai,i20,2022,Automatic,Gasoline,Gray,1407.3018336454595,108845.16641374375,3.029641314852391,171.9812884000702,,8923.695997,10708.43519685355,Gray
Toyota,RAV4,2006,Automatic,Hybrid,Red,2385.017546,179878.35287467862,1.0030914650109832,91.07981571589583,3.5382919920502913,4000,4800,Red
Toyota,Corolla,2021,Automatic,Hybrid,Black,2412.2564012038297,23765.462163561417,2.9390692925245645,181.02014286909812,3.6739656143178854,13456.015345834929,16147.218415001913,Black
Toyota,Corolla,2022,Automatic,Gasoline,Red,2411.430764446295,260792.61385962067,0.9602505696246298,221.60575546564448,3.2775296389508988,,,Red
Kia,Picanto,2010,Manual,Diesel,Black,1809.5445668510172,147768.19641509847,2.0463422101062547,197.35930282863427,6.823598963818131,4000,4800,Black
Honda,Jazz,2023,Automatic,Gasoline,QuantumBlack,,,0.9742072389427288,189.80489957912215,5.817175600653139,17349.34431102158,20819.213173225897,Silver
Skoda,Fabia,2008,Automatic,Gasoline,Gray,2388.5442331651075,77892.75496,1.9467197916090146,114.17948172887205,6.762525228723998,,,Gray
Hyundai,,2005,Automatic,Gasoline,Gray,1628.0612336858374,131784.89683510983,2.115508546546637,,6.403702816527793,4000,4800,Gray
Hyundai,,2012,Automatic,Gasoline,,1586.5379279063386,222680.16657758964,4.083930079547153,113.16494907803515,5.333706166001346,4000,4800,Silver
Kia,Picanto,2011,Manual,Gasoline,White,2430.731315253512,257455.5616111873,1.993148137925886,87.30686295658151,,4000,4800,White
Hyundai,i30,2007,Manual,Gasoline,Red,2389.3047047574105,,1.940393217888459,94.70275583050251,7.869476424475108,,,Red
Toyota,Corolla,2014,Automatic,,Silver,1602.9012178953856,256093.4510643633,,,3.133077777,4000,4800,Silver
Skoda,Fabia,2014,Manual,Diesel,Red,1796.336305,,2.9730189949389523,215.08552816859677,4.260701724637368,5053.179254203218,6063.815105043862,Red
